Paragraph,More Link
تبعا للاجتماع الذي انعقد على مستوى الندوة الجهوية للجامعات الغرب الجزائري  المنعقد يوم الإثنين 7 افريل يشرفني أن أبلغكم عن  الإعلان الطبعة الأولى من “جائزة رئيس الجمهورية للباحث المبتكر”   في إطار التحضير للطبعة الأولى من “جائزة رئيس الجمهورية للباحث المبتكر”، ونظراً لأهمية هذه المبادرة في تشجيع الابتكار العلمي.   …,https://univ-oran1.dz/%d8%ac%d8%a7%d8%a6%d8%b2%d8%a9-%d8%b1%d8%a6%d9%8a%d8%b3-%d8%a7%d9%84%d8%ac%d9%85%d9%87%d9%88%d8%b1%d9%8a%d8%a9-%d9%84%d9%84%d8%a8%d8%a7%d8%ad%d8%ab-%d8%a7%d9%84%d9%85%d8%a8%d8%aa%d9%83%d8%b1/
,https://univ-oran1.dz/%d8%aa%d9%87%d9%86%d8%a6%d8%a9-%d8%a7%d9%84%d8%b3%d9%8a%d8%af-%d8%a7%d9%84%d9%88%d8%b2%d9%8a%d8%b1-%d8%a8%d9%85%d9%86%d8%a7%d8%b3%d8%a8%d8%a9-%d8%b9%d9%8a%d8%af-%d8%a7%d9%84%d9%81%d8%b7%d8%b1-%d8%a7/
استمارة التسجيل,https://univ-oran1.dz/%d8%a7%d9%84%d8%b0%d9%83%d8%a7%d8%a1-%d8%a7%d9%84%d8%a7%d8%b5%d8%b7%d9%86%d8%a7%d8%b9%d9%8a-%d9%88%d8%a7%d9%84%d8%b5%d9%86%d8%a7%d8%b9%d8%a9/
دورة التقديم لبرنامج Unitwin/Chaires UNESCO 2025,https://univ-oran1.dz/%d8%af%d9%88%d8%b1%d8%a9-%d8%a7%d9%84%d8%aa%d9%82%d8%af%d9%8a%d9%85-%d9%84%d8%a8%d8%b1%d9%86%d8%a7%d9%85%d8%ac-unitwin-chaires-unesco-2025/
الملتقى الوطني الحضوري و الافتراضي حول “الأرشيف والتاريخ: التحولات و الممارسات الجديدة” تنظمه كلية العلوم الإنسانية والعلوم الإسلامية جامعة وهران1 يوم 27 ماي 2025. آخر أجل لاستقبال الملخصات 15 أفريل 2025 آخر أجل لاستقبال البحوث كاملة 15 ماي 2025.,https://univ-oran1.dz/%d8%a3%d9%84%d8%a7%d8%b1%d8%b4%d9%8a%d9%81-%d9%88%d8%a7%d9%84%d8%aa%d8%a7%d8%b1%d9%8a%d8%ae-%d8%a7%d9%84%d8%aa%d8%ad%d9%88%d8%a7%d9%84%d8%aa-%d9%88%d8%a7%d9%85%d9%84%d9%85%d8%a7%d8%b1%d8%b3%d8%a7/
,https://univ-oran1.dz/%d9%85%d8%a7%d8%b3%d8%aa%d8%b1-%d8%a7%d9%84%d8%a5%d8%b9%d9%84%d8%a7%d9%85-%d8%a7%d9%84%d8%a2%d9%84%d9%8a-%d8%a7%d9%84%d9%83%d9%85/
تم تصميم منصة «الدراسة في الجزائر» لتسهيل وصول الطلاب معلومات دولية عن الجامعات الجزائرية والبرامج الدراسية وإجراءات التسجيل. تسمح هذه الواجهة البديهية للمستخدمين بالتنقل وسهولة العثور على المعلومات اللازمة لمواصلة دراستهم في الجزائر. https://studyinalgeria.mesrs.dz,https://univ-oran1.dz/%d8%af%d8%b1%d8%a7%d8%b3%d8%a9-%d9%81%d9%8a-%d8%a7%d9%84%d8%ac%d8%b2%d8%a7%d8%a6%d8%b1/
هدف النسخة الثانية من اليوم الدولي للتعلم الرقمي إلى: تركيز الحوار العالمي حول التعلم الرقمي في سياقات تعليمية تتسم بعدم المساواة وضعف الموارد الاحتفاء بالاستراتيجيات والممارسات التي تساعد في التغلب على التحديات النظامية وتعزيز جودة التعلم الرقمي ومبدأ تكافؤ الفرص. الاستفادة من تجارب صانعي السياسات والمعلمين والطلاب حول العالم في …,https://univ-oran1.dz/%d8%a7%d9%84%d9%8a%d9%88%d9%85-%d8%a7%d9%84%d8%b9%d8%a7%d9%84%d9%85%d9%8a-%d9%84%d9%84%d8%aa%d8%b9%d9%84%d9%85-%d8%a7%d9%84%d8%b1%d9%82%d9%85%d9%8a-19-%d9%85%d8%a7%d8%b1%d8%b3-2025/
تُنظم  وزارة التعليم العالي والبحث العلمي، الأولمبياد الوطنية الجامعية في الذكاء الاصطناعي والبرمجة و التي تهدف إلى تعزيز روح الإبداع والتنافس بين طلبة مؤسسات التعليم العالي في مجالات الذكاء الاصطناعي والبرمجة، تجمع هذه الفعالية الطلبة الجامعيين لإبراز مهاراتهم في حل المشكلات البرمجية، تطوير الحلول الذكية، وتعزيز ثقافة الابتكار الرقمي. تعد …,https://univ-oran1.dz/%d8%a7%d9%84%d8%a3%d9%88%d9%84%d9%85%d8%a8%d9%8a%d8%a7%d8%af-%d8%a7%d9%84%d9%88%d8%b7%d9%86%d9%8a%d8%a9-%d8%a7%d9%84%d8%ac%d8%a7%d9%85%d8%b9%d9%8a%d8%a9-%d9%81%d9%8a-%d8%a7%d9%84%d8%b0%d9%83%d8%a7/
يقام حفل اليوم العالمي للرياضيات، الذي تنظمه وزارة التعليم العالي والبحث العلمي (MESRS) بالتعاون مع وزارة التربية الوطنية (MEN)، يوم السبت 15 مارس 2025 من الساعة 9:30 صباحًا. قاعة سيدي عبد الله. من أجل السماح بمتابعة واسعة لهذا الحدث، ستجد أدناه الرابط للوصول إلى مؤتمر الفيديو: رابط الدخول: https://visioconf.cloud.cerist.dz/jim2025 Mot …,https://univ-oran1.dz/%d8%ad%d9%81%d9%84-%d8%a7%d9%84%d9%8a%d9%88%d9%85-%d8%a7%d9%84%d8%b9%d8%a7%d9%84%d9%85%d9%8a-%d9%84%d9%84%d8%b1%d9%8a%d8%a7%d8%b6%d9%8a%d8%a7%d8%aa/
